{"yP8IpA+o8VtOG0fYpZmgjw==":"mbr-1920x1280.jpg","rndEIokFZRtchQrv/edS+g==":"mbr-816x1224.jpg","xGB63y/h99jsHj6bjBXtXg==":"mbr-816x541.jpg","kixyZLLFFzbG+Eia40irhw==":"mbr-816x544.jpg","Z94vhDJb1XIaEdaq1lEEjg==":"mbr-1-816x544.jpg","SFMw4lbve5r5E8xdRX2L1w==":"mbr-96x192.jpg","okcJUkRufepDjUPRdfdu+Q==":"mbr-48x32.jpg","SkYfEGHYbZqTK6weD9be7A==":"mbr-1256x943.png","SG+XL4u0XWSg+MVpvPbZRQ==":"mbr-1920x1080.jpg","DnM2pjvkMjA4xYse7SVraA==":"mbr-1256x1884.jpg","jrSF1MXPQmgNlyJ/FYbqhw==":"mbr-1920x1272.jpg","Kb/N61Xfck08rs0yP6KujQ==":"mbr-1256x1143.jpg"}